{
  "country": "USA",
  "year": 2023,
  "parameters": {
    "mpc": 0.8218174475254734,
    "tfp_a": 1.2155261121097485,
    "gamma": 0.5507309104431556,
    "depreciation": 0.02016706524414984,
    "unemployment_rate": 0.036379999999999996,
    "gdp_per_capita": 82304.62042728657
  },
  "diagnostics": {
    "mpc": {
      "r2": 0.9782441599871752,
      "mae": 0.003615803947694026
    },
    "tfp_a": {
      "r2": 0.9632356602887325,
      "mae": 0.03724483560182599
    },
    "gamma": {
      "r2": 0.9803425054344559,
      "mae": 9.780659283978618e-06
    },
    "depreciation": {
      "r2": 0.9803425054344792,
      "mae": 2.235579264908154e-06
    }
  }
}