{
  "country": "USA",
  "year": 2022,
  "parameters": {
    "mpc": 0.8309605624597813,
    "tfp_a": 1.1307292586975508,
    "gamma": 0.5507143398817895,
    "depreciation": 0.020163277687266258,
    "unemployment_rate": 0.0365,
    "gdp_per_capita": 77860.91129088482
  },
  "diagnostics": {
    "mpc": {
      "r2": 0.9223460440176506,
      "mae": 0.00717375498621655
    },
    "tfp_a": {
      "r2": 0.5878401488583538,
      "mae": 0.0514532942599566
    },
    "gamma": {
      "r2": 0.8112155107751226,
      "mae": 2.8584698258135665e-05
    },
    "depreciation": {
      "r2": 0.8112155107753518,
      "mae": 6.533645316144561e-06
    }
  }
}